City_ID,City,Country,Date,Lat,Lng,Max Temp,Humidity,Cloudiness,Wind Speed
0,Cherskiy,RU,2022-09-17 19:13:32,68.75,161.3,31.69,74,100,12.44
1,Tarko-Sale,RU,2022-09-17 19:13:32,64.9225,77.785,49.46,68,100,12.97
2,Port Alfred,ZA,2022-09-17 19:13:32,-33.5906,26.891,61.18,97,100,1.99
3,Horlesti,RO,2022-09-17 19:13:33,47.1167,27.3667,59.11,93,100,5.46
4,Libreville,GA,2022-09-17 19:09:37,0.3925,9.4537,77.5,81,100,10.51
5,Torbay,CA,2022-09-17 19:13:33,47.6666,-52.7314,60.58,76,75,21.85
6,Port Hardy,CA,2022-09-17 19:13:33,50.6996,-127.4199,53.78,87,75,4.61
7,Katsuura,JP,2022-09-17 19:13:34,35.1333,140.3,78.75,88,100,13.27
8,Naze,JP,2022-09-17 19:13:34,28.3667,129.4833,78.17,91,100,41.54
9,Ninh Binh,VN,2022-09-17 19:11:26,20.2539,105.975,78.19,91,17,2.51
10,Fortuna,US,2022-09-17 19:13:35,40.5982,-124.1573,64.92,74,100,3.0
11,Bambanglipuro,ID,2022-09-17 19:13:35,-7.95,110.2833,76.06,84,74,7.47
12,Kapaa,US,2022-09-17 19:13:35,22.0752,-159.319,82.38,81,0,4.61
13,Ushuaia,AR,2022-09-17 19:13:36,-54.8,-68.3,40.66,70,40,27.63
14,Mataura,NZ,2022-09-17 19:13:36,-46.1927,168.8643,36.21,95,89,3.47
15,Mar Del Plata,AR,2022-09-17 19:13:36,-38.0023,-57.5575,64.09,87,100,25.01
16,Tynda,RU,2022-09-17 19:13:37,55.1667,124.7167,36.39,99,100,6.4
17,Dabakala,CI,2022-09-17 19:13:38,8.3667,-4.4333,73.29,96,99,4.16
18,Punta Arenas,CL,2022-09-17 19:13:39,-53.15,-70.9167,46.51,46,0,25.32
19,Lianran,CN,2022-09-17 19:13:39,24.9227,102.485,60.98,96,16,1.25
20,Hilo,US,2022-09-17 19:13:39,19.7297,-155.09,89.28,65,0,5.99
21,Tautira,PF,2022-09-17 19:13:40,-17.7333,-149.15,76.5,79,43,22.55
22,Port-Cartier,CA,2022-09-17 19:12:00,50.0334,-66.8654,62.74,37,41,13.0
23,Rikitea,PF,2022-09-17 19:13:40,-23.1203,-134.9692,72.52,76,0,20.04
24,Atuona,PF,2022-09-17 19:13:41,-9.8,-139.0333,77.23,72,10,20.11
25,Bumba,CD,2022-09-17 19:13:41,2.1833,22.4667,73.44,90,95,4.09
26,Si Bun Ruang,TH,2022-09-17 19:13:42,16.9667,102.2833,76.24,88,100,2.15
27,Taoudenni,ML,2022-09-17 19:13:43,22.6783,-3.9836,99.3,13,5,9.22
28,Yellowknife,CA,2022-09-17 19:13:43,62.456,-114.3525,48.72,81,75,11.5
29,Mwingi,KE,2022-09-17 19:13:44,-0.9344,38.0601,70.5,54,62,11.1
30,Jamestown,US,2022-09-17 19:13:44,42.097,-79.2353,79.02,49,40,6.91
31,Richards Bay,ZA,2022-09-17 19:13:44,-28.783,32.0377,67.3,84,88,2.01
32,Atambua,ID,2022-09-17 19:13:45,-9.1061,124.8925,71.13,82,100,2.13
33,Bambous Virieux,MU,2022-09-17 19:13:45,-20.3428,57.7575,71.85,73,40,18.41
34,Hoa Binh,VN,2022-09-17 19:13:45,20.8133,105.3383,76.24,95,21,1.77
35,Upernavik,GL,2022-09-17 19:13:46,72.7868,-56.1549,36.57,66,58,21.27
36,Vieux-Habitants,GP,2022-09-17 19:13:46,16.0589,-61.7659,72.97,85,100,17.47
37,Puerto Ayora,EC,2022-09-17 19:13:47,-0.7393,-90.3518,75.16,84,98,8.01
38,Sawtell,AU,2022-09-17 19:13:47,-30.3833,153.1,60.82,48,16,10.36
39,Palmer,US,2022-09-17 19:13:47,42.1584,-72.3287,72.25,51,20,3.44
40,Fujin,CN,2022-09-17 19:13:48,47.26,132.0322,56.62,98,100,5.19
41,Hermanus,ZA,2022-09-17 19:14:48,-34.4187,19.2345,53.8,73,100,5.79
42,Biltine,TD,2022-09-17 19:14:48,14.5333,20.9167,82.62,60,95,5.35
43,Jugno,PH,2022-09-17 19:14:49,9.4683,123.2038,79.21,84,91,4.61
44,Bluff,NZ,2022-09-17 19:14:49,-46.6,168.3333,41.95,84,100,9.26
45,Bowen,AU,2022-09-17 19:14:49,-20.0167,148.2333,71.67,93,6,2.75
46,Tuktoyaktuk,CA,2022-09-17 19:14:50,69.4541,-133.0374,46.4,81,75,14.97
47,Lodwar,KE,2022-09-17 19:14:50,3.1191,35.5973,88.63,32,1,5.82
48,Barrow,US,2022-09-17 19:11:47,71.2906,-156.7887,33.82,93,100,24.16
49,Marsh Harbour,BS,2022-09-17 19:14:51,26.5412,-77.0636,84.11,72,15,13.96
50,Busselton,AU,2022-09-17 19:14:51,-33.65,115.3333,52.36,85,84,3.49
51,Namibe,AO,2022-09-17 19:14:51,-15.1961,12.1522,65.41,92,53,8.03
52,Ponta Do Sol,PT,2022-09-17 19:14:52,32.6667,-17.1,79.0,88,52,8.57
53,Thompson,CA,2022-09-17 19:14:52,55.7435,-97.8558,64.56,48,40,5.75
54,Doctor Juan Manuel Frutos,PY,2022-09-17 19:14:52,-25.3667,-55.8,79.14,30,0,10.92
55,Ancud,CL,2022-09-17 19:14:53,-41.8697,-73.8203,49.23,52,29,3.89
56,Albany,US,2022-09-17 19:12:47,42.6001,-73.9662,73.17,62,32,1.01
57,Castro,BR,2022-09-17 19:14:53,-24.7911,-50.0119,61.23,54,0,10.92
58,Darnah,LY,2022-09-17 19:14:54,32.767,22.6367,76.35,70,0,5.12
59,Nandi,IN,2022-09-17 19:14:54,13.3855,77.6984,74.71,88,65,7.67
60,Amparafaravola,MG,2022-09-17 19:14:54,-17.5833,48.2167,55.26,95,0,3.4
61,San Rafael,AR,2022-09-17 19:14:55,-34.6177,-68.3301,70.03,24,0,17.94
62,Saint Anthony,US,2022-09-17 19:14:55,45.0205,-93.218,81.14,63,0,12.66
63,Georgetown,MY,2022-09-17 19:14:55,5.4112,100.3354,81.95,87,20,10.36
64,Xingyi,CN,2022-09-17 19:14:56,24.1877,102.817,59.99,97,50,1.05
65,Kavaratti,IN,2022-09-17 19:14:56,10.5669,72.642,80.28,80,100,10.6
66,Namwala,ZM,2022-09-17 19:14:57,-15.7504,26.4384,76.42,28,29,6.22
67,Cuddapah,IN,2022-09-17 19:14:57,14.4667,78.8167,82.71,63,64,6.82
68,Hobart,AU,2022-09-17 19:14:57,-42.8794,147.3294,46.06,87,40,8.05
69,Kahului,US,2022-09-17 19:14:58,20.8947,-156.47,84.22,61,20,7.0
70,Havre-Saint-Pierre,CA,2022-09-17 19:14:58,50.2334,-63.5986,58.15,51,62,18.84
71,New Norfolk,AU,2022-09-17 19:14:58,-42.7826,147.0587,45.72,79,75,3.11
72,Celestun,MX,2022-09-17 19:14:59,20.8667,-90.4,88.61,61,11,10.89
73,Camana,PE,2022-09-17 19:14:59,-16.6228,-72.7111,64.54,74,56,9.24
74,Saint-Philippe,RE,2022-09-17 19:14:59,-21.3585,55.7679,69.39,82,40,13.73
75,Mardin,TR,2022-09-17 19:15:00,37.3131,40.7436,79.79,19,0,3.71
76,Cape Town,ZA,2022-09-17 19:13:38,-33.9258,18.4232,57.11,75,40,5.75
77,Bredasdorp,ZA,2022-09-17 19:15:00,-34.5322,20.0403,52.21,80,100,4.05
78,Vaini,TO,2022-09-17 19:15:01,-21.2,-175.2,75.36,83,75,11.5
79,Constitucion,CL,2022-09-17 19:15:01,-35.3333,-72.4167,50.22,90,100,10.27
80,Broken Hill,AU,2022-09-17 19:15:02,-31.95,141.4333,46.56,82,5,9.31
81,Port Elizabeth,ZA,2022-09-17 19:15:02,-33.918,25.5701,62.1,91,0,12.66
82,Port Lincoln,AU,2022-09-17 19:15:03,-34.7333,135.8667,54.45,76,100,18.07
83,Mount Isa,AU,2022-09-17 19:15:03,-20.7333,139.5,67.77,28,55,8.05
84,Severo-Kurilsk,RU,2022-09-17 19:15:04,50.6789,156.125,48.7,86,15,8.12
85,Lebu,CL,2022-09-17 19:15:04,-37.6167,-73.65,47.07,72,88,13.09
86,Nuevo Progreso,MX,2022-09-17 19:15:04,23.1667,-97.95,84.47,71,16,1.99
87,Codrington,AU,2022-09-17 19:16:05,-38.2667,141.9667,49.5,82,100,16.15
88,Eureka,US,2022-09-17 19:11:26,40.8021,-124.1637,69.75,75,100,1.01
89,Hithadhoo,MV,2022-09-17 19:16:05,-0.6,73.0833,82.11,71,18,8.14
90,Kruisfontein,ZA,2022-09-17 19:16:06,-34.0033,24.7314,59.88,84,100,10.6
91,Mutsu,JP,2022-09-17 19:16:06,41.2894,141.2169,69.93,87,99,3.67
92,Tasiilaq,GL,2022-09-17 19:16:07,65.6145,-37.6368,39.36,96,100,16.62
93,Mosquera,CO,2022-09-17 19:15:31,4.7059,-74.2302,62.69,67,75,9.22
94,Saint-Paul,RE,2022-09-17 19:16:07,-21.0096,55.2707,69.91,73,5,6.02
95,Turukhansk,RU,2022-09-17 19:16:07,65.8167,87.9833,42.78,98,100,11.14
96,Daoukro,CI,2022-09-17 19:16:08,7.0591,-3.9631,73.13,97,7,2.86
97,Burnie,AU,2022-09-17 19:16:08,-41.0667,145.9167,47.95,90,100,12.77
98,Veraval,IN,2022-09-17 19:16:09,20.9,70.3667,81.23,68,100,8.03
99,Katherine,AU,2022-09-17 19:16:09,-14.4667,132.2667,82.72,54,40,8.05
100,Norman Wells,CA,2022-09-17 19:16:09,65.282,-126.8329,57.24,58,20,8.05
101,Charters Towers,AU,2022-09-17 19:16:10,-20.1,146.2667,66.36,91,14,5.28
102,Ribeira Grande,PT,2022-09-17 19:16:10,38.5167,-28.7,75.6,88,75,12.66
103,Chokurdakh,RU,2022-09-17 19:16:10,70.6333,147.9167,30.24,82,49,6.15
104,Leningradskiy,RU,2022-09-17 19:16:11,69.3833,178.4167,33.6,99,100,18.14
105,Hamilton,US,2022-09-17 19:12:43,39.1834,-84.5333,85.75,52,20,8.05
106,La Ronge,CA,2022-09-17 19:15:19,55.1001,-105.2842,62.82,41,75,5.75
107,Aykhal,RU,2022-09-17 19:16:12,66.0,111.5,25.38,89,100,27.76
108,Xining,CN,2022-09-17 19:16:12,36.6167,101.7667,56.89,77,100,1.16
109,Arman,RU,2022-09-17 19:16:12,59.7,150.1667,39.24,58,4,4.88
110,Butaritari,KI,2022-09-17 19:16:13,3.0707,172.7902,81.3,71,100,12.71
111,Avarua,CK,2022-09-17 19:16:13,-21.2078,-159.775,77.05,78,0,12.66
112,Ostrovnoy,RU,2022-09-17 19:16:14,68.0531,39.5131,47.89,98,100,7.27
113,Kavieng,PG,2022-09-17 19:16:14,-2.5744,150.7967,81.63,70,42,8.1
114,Bandarbeyla,SO,2022-09-17 19:16:15,9.4942,50.8122,77.27,85,100,25.34
115,Sisimiut,GL,2022-09-17 19:16:15,66.9395,-53.6735,46.87,78,100,9.15
116,Poum,NC,2022-09-17 19:16:16,-20.2333,164.0167,74.1,71,0,13.38
117,Chifeng,CN,2022-09-17 19:14:52,42.2683,118.9636,56.19,37,8,6.64
118,Chimore,BO,2022-09-17 19:16:16,-16.9833,-65.1333,93.31,34,3,5.79
119,Salalah,OM,2022-09-17 19:16:17,17.0151,54.0924,80.69,94,75,5.75
120,Bathsheba,BB,2022-09-17 19:16:17,13.2167,-59.5167,86.61,74,75,14.97
121,Guerrero Negro,MX,2022-09-17 19:16:17,27.9769,-114.0611,73.92,64,0,15.19
122,Ouagadougou,BF,2022-09-17 19:16:18,12.3642,-1.5383,80.73,83,20,4.61
123,Batagay,RU,2022-09-17 19:16:18,67.6333,134.6333,31.84,73,32,5.03
124,Pevek,RU,2022-09-17 19:16:18,69.7008,170.3133,33.55,98,100,19.53
125,Sinnamary,GF,2022-09-17 19:16:19,5.3833,-52.95,85.3,66,8,13.4
126,Airai,TL,2022-09-17 19:16:19,-8.9266,125.4092,58.01,74,100,1.74
127,Clyde River,CA,2022-09-17 19:13:46,70.4692,-68.5914,35.83,87,100,16.11
128,Cockburn Town,TC,2022-09-17 19:16:20,21.4612,-71.1419,87.76,66,40,13.8
129,Baikunthpur,IN,2022-09-17 19:16:20,23.25,82.55,73.31,90,100,3.22
130,Parabel,RU,2022-09-17 19:17:20,58.6978,81.4825,46.8,82,97,5.35
131,Araxa,BR,2022-09-17 19:13:28,-19.5933,-46.9406,78.22,40,100,6.42
132,Mount Gambier,AU,2022-09-17 19:17:21,-37.8333,140.7667,49.91,87,100,9.22
133,Abu Zabad,SD,2022-09-17 19:17:21,12.35,29.25,79.5,68,73,3.47
134,Chota,PE,2022-09-17 19:17:22,-6.55,-78.65,65.53,66,71,5.73
135,Cayenne,GF,2022-09-17 19:12:34,4.9333,-52.3333,89.64,58,0,16.11
136,Sanchor,IN,2022-09-17 19:17:22,24.7553,71.7722,79.72,75,0,7.45
137,Nova Olimpia,BR,2022-09-17 19:17:23,-14.7972,-57.2881,103.71,19,9,3.71
138,Avera,US,2022-09-17 19:17:23,33.194,-82.5271,85.55,37,0,9.1
139,Tuatapere,NZ,2022-09-17 19:17:24,-46.1333,167.6833,40.44,86,100,6.08
140,Hasaki,JP,2022-09-17 19:17:24,35.7333,140.8333,77.4,87,100,10.78
141,Dikson,RU,2022-09-17 19:17:24,73.5069,80.5464,32.83,78,30,12.53
142,Petropavlovsk-Kamchatskiy,RU,2022-09-17 19:17:25,53.0452,158.6483,35.78,93,0,6.71
143,Hammerfest,NO,2022-09-17 19:17:25,70.6634,23.6821,45.05,100,75,21.85
144,Komsomolskiy,UZ,2022-09-17 19:17:26,40.4272,71.7189,66.92,48,18,4.61
145,Battle Creek,US,2022-09-17 19:17:26,42.3212,-85.1797,85.05,34,0,13.8
146,Camacha,PT,2022-09-17 19:17:26,33.0833,-16.3333,71.02,88,75,13.8
147,Leshukonskoye,RU,2022-09-17 19:17:27,64.8989,45.7622,50.05,96,100,8.7
148,Touros,BR,2022-09-17 19:17:27,-5.1989,-35.4608,81.54,63,80,14.61
149,Tucumcari,US,2022-09-17 19:17:27,35.1717,-103.725,91.24,22,0,19.57
150,Bar Harbor,US,2022-09-17 19:17:28,44.3876,-68.2039,68.65,46,0,9.22
151,Zhigansk,RU,2022-09-17 19:17:28,66.7697,123.3711,30.22,87,100,9.84
152,Tamandare,BR,2022-09-17 19:17:29,-8.7597,-35.1047,78.42,69,28,8.12
153,Coquimbo,CL,2022-09-17 19:17:29,-29.9533,-71.3436,56.93,71,75,6.91
154,Geraldton,AU,2022-09-17 19:17:29,-28.7667,114.6,48.61,93,2,3.44
155,Mahon,ES,2022-09-17 19:17:30,39.8885,4.2658,70.36,56,20,10.36
156,Arroio Dos Ratos,BR,2022-09-17 19:17:30,-30.0772,-51.7292,71.78,47,28,8.19
157,Coihaique,CL,2022-09-17 19:12:57,-45.5752,-72.0662,50.61,37,75,5.75
158,Sovetskiy,RU,2022-09-17 19:17:30,61.3614,63.5842,51.28,63,100,9.89
159,Solnechnyy,RU,2022-09-17 19:17:31,50.7214,136.6319,46.15,90,100,3.04
160,Saint-Georges,GD,2022-09-17 19:17:31,12.0564,-61.7485,89.28,74,20,11.5
161,Palauig,PH,2022-09-17 19:17:32,15.435,119.9045,79.77,74,66,4.92
162,Faya,SA,2022-09-17 19:17:32,18.3851,42.4509,66.31,50,100,2.84
163,Provideniya,RU,2022-09-17 19:17:32,64.3833,-173.3,45.03,90,100,12.8
164,Labuhan,ID,2022-09-17 19:17:33,-6.8844,112.2051,77.45,78,100,8.52
165,Bodden Town,KY,2022-09-17 19:17:33,19.2833,-81.25,87.8,82,40,9.22
166,Nouna,BF,2022-09-17 19:17:33,12.7333,-3.8667,78.78,76,84,9.93
167,Oriximina,BR,2022-09-17 19:17:34,-1.7656,-55.8661,95.31,37,100,6.58
168,Chuy,UY,2022-09-17 19:17:34,-33.6971,-53.4616,65.44,60,78,14.97
169,Cariamanga,EC,2022-09-17 19:17:35,-4.3333,-79.55,74.17,44,96,4.43
170,Namatanai,PG,2022-09-17 19:17:35,-3.6667,152.4333,77.95,76,88,2.44
171,Kaya,BF,2022-09-17 19:17:35,13.0917,-1.0844,80.89,71,8,6.85
172,Kodiak,US,2022-09-17 19:17:36,57.79,-152.4072,62.11,34,0,17.27
173,Isla Mujeres,MX,2022-09-17 19:17:36,21.2311,-86.731,87.85,70,59,10.31
174,Gat,IL,2022-09-17 19:17:05,31.61,34.7642,79.48,100,0,7.02
175,Nanortalik,GL,2022-09-17 19:18:37,60.1432,-45.2371,46.62,85,100,6.17
176,Saskylakh,RU,2022-09-17 19:18:37,71.9167,114.0833,32.32,97,100,14.2
177,Arrecife,ES,2022-09-17 19:18:37,28.963,-13.5477,76.98,69,40,18.41
178,Rangoon,MM,2022-09-17 19:18:38,16.8053,96.1561,78.76,94,40,2.3
179,Arraial Do Cabo,BR,2022-09-17 19:18:38,-22.9661,-42.0278,71.46,60,40,12.66
180,Karlskrona,SE,2022-09-17 19:18:38,56.1616,15.5866,46.85,80,84,9.33
181,Maltahohe,NA,2022-09-17 19:18:39,-24.8333,16.9833,68.7,32,0,16.31
182,Pimentel,PE,2022-09-17 19:18:39,-6.8367,-79.9342,70.09,64,20,18.41
183,Novikovo,RU,2022-09-17 19:18:39,51.1537,37.8879,56.77,80,100,5.5
184,Bethel,US,2022-09-17 19:14:16,41.3712,-73.414,74.05,58,40,6.91
185,Tatvan,TR,2022-09-17 19:18:40,38.5067,42.2817,65.64,32,0,1.79
186,Kenai,US,2022-09-17 19:18:40,60.5544,-151.2583,55.49,88,40,29.93
187,Kununurra,AU,2022-09-17 19:18:41,-15.7667,128.7333,64.38,82,52,1.14
188,Dunedin,NZ,2022-09-17 19:18:41,-45.8742,170.5036,45.81,83,40,3.0
189,Krasnyye Chetai,RU,2022-09-17 19:18:41,55.6887,46.1386,52.03,61,98,6.8
190,Svencioneliai,LT,2022-09-17 19:18:42,55.1667,26.0,50.38,81,54,8.23
191,Carutapera,BR,2022-09-17 19:18:42,-1.195,-46.02,82.33,71,77,8.61
192,Qaanaaq,GL,2022-09-17 19:18:42,77.484,-69.3632,30.51,64,0,5.53
193,Kieta,PG,2022-09-17 19:18:43,-6.2167,155.6333,78.15,83,99,5.95
194,Altay,CN,2022-09-17 19:18:43,47.8667,88.1167,45.25,37,0,4.65
195,Mahebourg,MU,2022-09-17 19:18:43,-20.4081,57.7,71.89,73,40,18.41
196,Port Said,EG,2022-09-17 19:18:44,31.2565,32.2841,79.57,63,0,10.76
197,Beringovskiy,RU,2022-09-17 19:18:44,63.05,179.3167,40.59,88,100,19.53
198,Gemena,CD,2022-09-17 19:18:45,3.25,19.7667,69.89,99,100,3.15
199,Riverton,US,2022-09-17 19:18:45,40.5219,-111.9391,76.3,45,100,5.99
200,Ampanihy,MG,2022-09-17 19:18:45,-24.7,44.75,73.17,49,15,7.7
201,Boguchany,RU,2022-09-17 19:18:46,58.3814,97.4531,42.78,92,83,1.79
202,Thinadhoo,MV,2022-09-17 19:18:46,0.5333,72.9333,82.17,68,7,6.15
203,Port Blair,IN,2022-09-17 19:18:46,11.6667,92.75,77.04,94,75,2.3
204,Obo,CF,2022-09-17 19:18:47,5.3998,26.4869,68.67,95,100,3.76
205,Cidreira,BR,2022-09-17 19:18:47,-30.1811,-50.2056,63.75,74,4,16.73
206,Umm Kaddadah,SD,2022-09-17 19:18:48,13.6017,26.6876,87.19,45,21,5.48
207,Esperance,AU,2022-09-17 19:18:48,-33.8667,121.9,54.36,81,4,2.13
208,Northam,GB,2022-09-17 19:18:48,51.0333,-4.2167,56.61,72,66,9.42
209,Kupang,ID,2022-09-17 19:18:49,-10.1667,123.5833,75.74,82,100,4.12
210,Bengkulu,ID,2022-09-17 19:18:49,-3.8004,102.2655,74.61,90,95,3.6
211,Casimcea,RO,2022-09-17 19:18:49,44.7333,28.3667,66.31,73,100,13.78
212,Mayo,US,2022-09-17 19:18:50,38.8876,-76.5119,84.11,61,0,13.8
213,Olpad,IN,2022-09-17 19:18:50,21.3333,72.75,78.8,82,11,6.51
214,Liusha,CN,2022-09-17 19:18:51,27.2098,108.59,73.98,71,100,1.32
215,East London,ZA,2022-09-17 19:18:51,-33.0153,27.9116,64.13,87,100,5.44
216,Tulle,FR,2022-09-17 19:18:51,45.3333,1.8333,51.98,60,1,4.43
217,Vila,PT,2022-09-17 19:14:15,42.0304,-8.1588,66.7,64,100,3.13
218,Lac Du Bonnet,CA,2022-09-17 19:15:04,50.2536,-96.0612,60.06,89,100,4.45
219,Qaqortoq,GL,2022-09-17 19:18:52,60.7167,-46.0333,45.68,96,100,3.29
220,Linxia,CN,2022-09-17 19:18:52,35.6003,103.2064,58.78,78,79,2.46
221,Nelson Bay,AU,2022-09-17 19:18:53,-32.7167,152.15,61.0,57,0,14.0
222,Lamu,KE,2022-09-17 19:18:53,-2.2717,40.902,75.42,82,35,13.18
223,Gotsu,JP,2022-09-17 19:19:53,35.0,132.2167,79.11,79,100,9.33
224,Isla Vista,US,2022-09-17 19:19:54,34.4133,-119.861,76.82,72,40,8.05
225,Fallon,US,2022-09-17 19:19:54,39.4735,-118.7774,76.44,14,40,3.44
226,Luwuk,ID,2022-09-17 19:19:55,-0.9516,122.7875,76.57,81,100,4.03
227,Riberalta,BO,2022-09-17 19:19:55,-10.9833,-66.1,93.4,38,91,11.5
228,Olhao,PT,2022-09-17 19:19:55,37.0286,-7.8411,74.28,84,0,5.75
229,Kashin,RU,2022-09-17 19:19:56,57.3592,37.6081,48.63,76,27,9.57
230,Flinders,AU,2022-09-17 19:19:56,-34.5833,150.8552,57.25,67,16,8.63
231,Sampit,ID,2022-09-17 19:19:56,-2.5333,112.95,75.36,96,100,1.23
232,Bandar-E Lengeh,IR,2022-09-17 19:19:57,26.5579,54.8807,87.49,71,0,2.93
233,Ambovombe,MG,2022-09-17 19:19:57,-25.1667,46.0833,69.84,71,1,6.35
234,Goya,AR,2022-09-17 19:19:58,-29.14,-59.2626,85.57,24,87,14.34
235,Samarkand,UZ,2022-09-17 19:15:15,39.6542,66.9597,67.42,40,78,6.91
236,La Rioja,ES,2022-09-17 19:19:58,42.25,-2.5,56.98,46,95,1.39
237,Tambura,SS,2022-09-17 19:19:58,5.6,27.4667,69.35,96,88,3.0
238,Ritchie,ZA,2022-09-17 19:19:59,-29.038,24.6028,58.21,29,100,7.76
239,Pacific Grove,US,2022-09-17 19:19:59,36.6177,-121.9166,70.56,76,100,10.0
240,Cabo San Lucas,MX,2022-09-17 19:19:59,22.8909,-109.9124,92.17,58,20,9.22
241,Chicama,PE,2022-09-17 19:20:00,-7.8447,-79.1469,63.14,63,25,11.23
242,Sao Luis De Montes Belos,BR,2022-09-17 19:20:00,-16.525,-50.3722,95.25,22,13,8.7
243,Rundu,NA,2022-09-17 19:20:01,-17.9333,19.7667,71.92,21,0,3.44
244,Abnub,EG,2022-09-17 19:20:01,27.2696,31.1511,82.08,27,0,7.27
245,Aksarka,RU,2022-09-17 19:20:01,66.5606,67.7975,50.14,66,97,11.21
246,Lagoa Formosa,BR,2022-09-17 19:20:02,-18.7786,-46.4075,77.02,48,94,8.79
247,Thayetmyo,MM,2022-09-17 19:20:02,19.3167,95.1833,75.16,98,100,3.83
248,Novyy Urengoy,RU,2022-09-17 19:20:03,66.0833,76.6333,49.44,66,100,12.5
249,Coahuayana,MX,2022-09-17 19:20:03,18.7333,-103.6833,78.78,89,100,3.15
250,Olafsvik,IS,2022-09-17 19:20:04,64.8945,-23.7142,48.36,77,92,8.08
251,College,US,2022-09-17 19:20:04,64.8569,-147.8028,53.29,77,75,3.44
252,Priargunsk,RU,2022-09-17 19:20:05,50.3691,119.1012,40.8,87,100,16.02
253,Arys,KZ,2022-09-17 19:20:05,42.4252,68.795,71.92,24,77,4.05
254,Saint George,US,2022-09-17 19:18:50,37.1041,-113.5841,87.44,30,0,3.0
255,Tucuma,BR,2022-09-17 19:20:06,-0.1833,-50.05,86.41,62,39,11.27
256,Bonthe,SL,2022-09-17 19:20:06,7.5264,-12.505,77.43,85,100,10.18
257,Carnarvon,AU,2022-09-17 19:20:06,-24.8667,113.6333,65.35,80,0,16.91
258,Sarangani,PH,2022-09-17 19:20:07,5.4033,125.4636,83.01,72,95,3.89
259,Nakhon Si Thammarat,TH,2022-09-17 19:20:07,8.25,100.0,76.01,80,21,6.13
260,Honiara,SB,2022-09-17 19:20:08,-9.4333,159.95,77.02,85,64,4.36
261,Khatanga,RU,2022-09-17 19:20:08,71.9667,102.5,25.16,91,16,6.38
262,Yar-Sale,RU,2022-09-17 19:20:09,66.8333,70.8333,49.05,70,100,9.53
263,Grand Gaube,MU,2022-09-17 19:20:09,-20.0064,57.6608,72.0,69,2,8.99
264,Gorontalo,ID,2022-09-17 19:20:09,0.5412,123.0595,73.58,93,100,1.9
265,Nangong,CN,2022-09-17 19:20:10,37.3581,115.3744,68.4,65,1,4.09
266,Puerto Baquerizo Moreno,EC,2022-09-17 19:20:10,-0.9,-89.6,70.79,73,75,9.22
267,Los Llanos De Aridane,ES,2022-09-17 19:20:11,28.6585,-17.9182,73.15,85,40,5.75
268,Mabaruma,GY,2022-09-17 19:20:11,8.2,-59.7833,78.73,87,100,5.64
269,Walvis Bay,NA,2022-09-17 19:20:11,-22.9575,14.5053,57.09,88,0,6.91
270,Gamba,GA,2022-09-17 19:20:12,-2.65,10.0,74.86,84,100,8.81
271,Svetlaya,RU,2022-09-17 19:21:12,46.5389,138.3297,56.39,95,100,9.22
272,Varadero,CU,2022-09-17 19:20:48,23.1536,-81.2514,90.36,71,99,11.27
273,Margate,GB,2022-09-17 19:17:21,51.3813,1.3862,57.87,54,74,5.99
274,Matay,EG,2022-09-17 19:21:13,28.419,30.7792,82.42,29,0,4.94
275,Ixtapa,MX,2022-09-17 19:21:13,20.7,-105.2,87.22,74,40,8.05
276,Aklavik,CA,2022-09-17 19:21:13,68.2191,-135.0107,48.2,76,40,4.61
277,Souillac,MU,2022-09-17 19:21:14,-20.5167,57.5167,71.98,73,40,18.41
278,Rosetta,EG,2022-09-17 19:21:14,31.4044,30.4164,76.48,63,0,8.19
279,Japura,ID,2022-09-17 19:21:15,-0.3167,102.35,73.4,97,99,2.39
280,Beloha,MG,2022-09-17 19:21:15,-25.1667,45.05,69.57,56,24,6.42
281,Lapa,BR,2022-09-17 19:21:15,-25.7697,-49.7158,60.76,59,0,10.07
282,Muborak,UZ,2022-09-17 19:21:16,39.2553,65.1528,74.62,20,2,9.73
283,Waipawa,NZ,2022-09-17 19:21:16,-41.4122,175.5153,41.81,87,6,4.47
284,Faanui,PF,2022-09-17 19:21:17,-16.4833,-151.75,78.24,68,4,19.3
285,Buala,SB,2022-09-17 19:21:17,-8.145,159.5921,79.11,83,33,2.33
286,Glotovka,RU,2022-09-17 19:21:17,53.9491,46.7042,55.18,66,100,4.25
287,Brigg,GB,2022-09-17 19:21:18,53.552,-0.4921,59.25,61,40,9.22
288,Vancouver,CA,2022-09-17 19:16:39,49.2497,-123.1193,65.35,64,75,14.97
289,Isangel,VU,2022-09-17 19:21:18,-19.55,169.2667,73.81,85,80,10.22
290,Acapulco,MX,2022-09-17 19:20:29,16.8634,-99.8901,75.02,94,100,4.61
291,Sao Joao Da Barra,BR,2022-09-17 19:21:19,-21.6403,-41.0511,69.89,61,97,14.27
292,Tiksi,RU,2022-09-17 19:21:19,71.6872,128.8694,35.15,96,99,6.62
293,Vinh,VN,2022-09-17 19:18:25,18.6667,105.6667,78.17,90,100,3.18
294,Gillette,US,2022-09-17 19:19:26,44.2911,-105.5022,68.11,45,0,5.01
295,Brae,GB,2022-09-17 19:21:20,60.3964,-1.353,48.99,68,100,16.31
296,Kutum,SD,2022-09-17 19:21:20,14.2,24.6667,73.58,64,18,5.77
297,Plettenberg Bay,ZA,2022-09-17 19:21:20,-34.0527,23.3716,57.92,84,100,5.14
298,Grindavik,IS,2022-09-17 19:21:21,63.8424,-22.4338,51.75,81,75,3.44
299,Portland,US,2022-09-17 19:20:46,45.5234,-122.6762,69.49,65,75,6.91
300,Dali,CN,2022-09-17 19:21:21,25.7,100.1833,61.5,93,49,2.3
301,Narsaq,GL,2022-09-17 19:21:22,60.9167,-46.05,61.02,88,100,0.83
302,Agadez,NE,2022-09-17 19:21:22,19.75,10.25,96.94,13,6,5.95
303,La Palma,US,2022-09-17 19:21:23,33.8464,-118.0467,80.29,63,75,10.36
304,Vesoul,FR,2022-09-17 19:21:23,47.5833,5.8333,49.01,71,35,3.09
305,Mehamn,NO,2022-09-17 19:21:23,71.0357,27.8492,44.55,93,100,19.57
306,Samfya,ZM,2022-09-17 19:21:24,-11.3649,29.5565,74.19,34,7,5.37
307,Egvekinot,RU,2022-09-17 19:21:24,66.3167,-179.1667,36.21,89,100,14.25
308,Bubaque,GW,2022-09-17 19:21:24,11.2833,-15.8333,80.51,80,96,12.26
309,Sainte-Marie,RE,2022-09-17 19:21:25,-20.8968,55.5496,69.96,83,40,16.11
310,Sitka,US,2022-09-17 19:21:25,57.0531,-135.33,53.49,82,0,0.0
311,Manuk Mangkaw,PH,2022-09-17 19:21:25,4.8,119.85,83.55,74,100,9.6
312,Sioux Lookout,CA,2022-09-17 19:21:26,50.1001,-91.917,57.27,100,100,4.61
313,Hami,CN,2022-09-17 19:21:26,42.8,93.45,66.36,16,100,1.83
314,Okhotsk,RU,2022-09-17 19:21:27,59.3833,143.3,43.07,61,42,2.62
315,Yeppoon,AU,2022-09-17 19:21:27,-23.1333,150.7333,56.98,94,6,2.84
316,Samoded,RU,2022-09-17 19:21:27,63.6083,40.5111,47.26,94,100,8.81
317,Yurla,RU,2022-09-17 19:21:28,59.3259,54.3223,56.08,98,100,10.02
318,Tuy Hoa,VN,2022-09-17 19:18:29,13.0833,109.3,76.23,89,70,6.58
319,Sayyan,YE,2022-09-17 19:21:28,15.1718,44.3244,67.42,39,99,5.73
320,Luderitz,NA,2022-09-17 19:22:28,-26.6481,15.1594,59.5,73,24,21.52
321,Harbour Breton,CA,2022-09-17 19:22:29,47.4833,-55.7983,55.92,64,100,21.39
322,Nuuk,GL,2022-09-17 19:22:29,64.1835,-51.7216,50.61,93,75,18.41
323,Vanavara,RU,2022-09-17 19:22:30,60.34,102.2797,30.87,87,25,1.57
324,Alice Springs,AU,2022-09-17 19:19:40,-23.7,133.8833,57.22,26,0,0.0
325,Hovd,MN,2022-09-17 19:22:30,48.0056,91.6419,42.35,63,38,2.21
326,Inhambane,MZ,2022-09-17 19:22:30,-23.865,35.3833,73.38,94,40,13.8
327,Toora-Khem,RU,2022-09-17 19:22:31,52.4675,96.11,42.13,88,100,1.36
328,Luanda,AO,2022-09-17 19:19:31,-8.8368,13.2343,73.4,83,20,4.61
329,Deputatskiy,RU,2022-09-17 19:22:31,69.3,139.9,25.66,86,4,2.46
330,San Cristobal,VE,2022-09-17 19:22:32,7.7669,-72.225,84.38,44,100,5.97
331,Vila Franca Do Campo,PT,2022-09-17 19:22:32,37.7167,-25.4333,75.61,80,1,7.0
332,Goderich,CA,2022-09-17 19:22:32,43.7501,-81.7165,77.92,65,63,9.22
333,Sylva,RU,2022-09-17 19:22:33,58.0348,56.7635,60.17,91,100,10.69
334,Nadvoitsy,RU,2022-09-17 19:22:33,63.8667,34.3167,48.76,90,100,7.65
335,Lorengau,PG,2022-09-17 19:22:33,-2.0226,147.2712,80.19,76,100,3.65
336,Praia,CV,2022-09-17 19:22:34,14.9215,-23.5087,81.14,74,40,11.5
337,Tooele,US,2022-09-17 19:20:25,40.5308,-112.2983,74.08,52,40,8.05
338,Sayat,TM,2022-09-17 19:22:34,38.7839,63.8803,69.67,22,6,9.53
339,Andros Town,BS,2022-09-17 19:22:35,24.7,-77.7667,85.96,66,43,12.97
340,Uniao,BR,2022-09-17 19:22:35,-4.5858,-42.8642,101.82,22,19,2.98
341,Montevideo,UY,2022-09-17 19:22:35,-34.8335,-56.1674,73.42,48,0,17.27
342,Carballo,ES,2022-09-17 19:22:36,43.213,-8.691,71.02,80,100,2.82
343,Youhao,CN,2022-09-17 19:22:36,47.8667,128.8333,52.77,99,42,4.63
344,Bonavista,CA,2022-09-17 19:22:36,48.6499,-53.1147,52.97,77,100,23.6
345,Nikolskoye,RU,2022-09-17 19:22:37,59.7035,30.7861,51.69,92,100,10.22
346,Huambo,AO,2022-09-17 19:20:55,-12.7761,15.7392,69.67,20,37,4.07
347,Darhan,MN,2022-09-17 19:22:37,49.4867,105.9228,43.43,60,94,2.39
348,Kailua,US,2022-09-17 19:19:05,21.4022,-157.7394,83.44,70,20,5.75
349,Norcasia,CO,2022-09-17 19:22:38,5.5778,-74.8852,87.89,49,100,4.56
350,Nouadhibou,MR,2022-09-17 19:22:38,20.931,-17.0347,75.18,73,0,19.57
351,Comodoro Rivadavia,AR,2022-09-17 19:22:28,-45.8667,-67.5,51.66,35,20,10.36
352,Okha,RU,2022-09-17 19:22:39,53.5739,142.9478,47.39,78,100,11.1
353,Shar,KZ,2022-09-17 19:22:39,49.5886,81.0453,46.78,53,0,4.61
354,Jining,CN,2022-09-17 19:20:05,35.405,116.5814,66.88,82,6,3.74
355,Evinayong,GQ,2022-09-17 19:22:39,1.4368,10.5512,68.34,99,100,3.09
356,Klaksvik,FO,2022-09-17 19:22:40,62.2266,-6.589,49.12,75,100,5.19
357,Khorinsk,RU,2022-09-17 19:22:40,52.1657,109.7726,35.94,79,4,5.35
358,Dawei,MM,2022-09-17 19:22:41,14.0833,98.2,75.99,96,100,0.85
359,San Policarpo,PH,2022-09-17 19:22:41,12.1791,125.5072,79.2,85,100,7.58
360,Tura,IN,2022-09-17 19:22:41,25.5198,90.2201,74.46,87,14,3.62
361,Abonnema,NG,2022-09-17 19:22:42,4.7084,6.7931,79.09,86,92,5.03
362,Dingle,PH,2022-09-17 19:22:42,10.9995,122.6711,75.6,90,100,5.91
363,Sorland,NO,2022-09-17 19:22:43,67.667,12.6934,51.66,77,100,28.97
364,Nome,US,2022-09-17 19:22:43,64.5011,-165.4064,46.17,94,100,37.87
365,Marzuq,YE,2022-09-17 19:22:43,14.4,46.4667,82.85,42,14,4.18
366,San Quintin,MX,2022-09-17 19:20:41,30.4833,-115.95,72.19,64,0,13.67
367,Yei,SS,2022-09-17 19:22:44,4.095,30.6779,67.32,95,63,1.21
368,Te Anau,NZ,2022-09-17 19:22:44,-45.4167,167.7167,37.17,91,100,1.34
369,Vao,NC,2022-09-17 19:23:44,-22.6667,167.4833,72.79,63,97,11.88
370,Kamaishi,JP,2022-09-17 19:23:45,39.2667,141.8833,72.03,96,100,7.96
371,Liverpool,GB,2022-09-17 19:22:29,53.4106,-2.9779,57.7,65,40,16.11
372,Ende,ID,2022-09-17 19:23:45,-8.8432,121.6623,75.79,88,100,1.59
373,Muzhi,RU,2022-09-17 19:23:46,65.3667,64.6667,46.02,76,20,7.81
374,Haines Junction,CA,2022-09-17 19:23:46,60.7522,-137.5108,48.15,61,100,1.14
375,Vila Velha,BR,2022-09-17 19:23:46,-20.3297,-40.2925,66.15,77,75,9.22
376,Galesburg,US,2022-09-17 19:23:47,40.9478,-90.3712,88.72,65,75,12.66
377,Oros,BR,2022-09-17 19:23:47,-6.2444,-38.9136,97.66,21,100,1.95
378,Fairbanks,US,2022-09-17 19:21:09,64.8378,-147.7164,53.31,79,40,3.44
379,Finspang,SE,2022-09-17 19:23:48,58.7058,15.7674,54.12,91,44,5.01
380,Lancut,PL,2022-09-17 19:23:48,50.0687,22.2291,53.26,83,0,5.75
381,Agadir,MA,2022-09-17 19:19:00,30.4202,-9.5982,70.25,72,0,5.35
382,Phuthaditjhaba,ZA,2022-09-17 19:23:49,-28.5242,28.8158,61.68,33,15,3.91
383,Buin,CL,2022-09-17 19:23:49,-33.7333,-70.75,59.43,65,92,4.88
384,Sao Filipe,CV,2022-09-17 19:23:49,14.8961,-24.4956,79.16,79,24,7.67
385,Shiyan,CN,2022-09-17 19:23:50,32.6475,110.7781,71.04,84,100,3.98
386,Nisia Floresta,BR,2022-09-17 19:23:50,-6.0911,-35.2086,84.58,60,35,11.54
387,Kathmandu,NP,2022-09-17 19:20:19,27.7167,85.3167,70.02,94,75,2.3
388,Ayorou,NE,2022-09-17 19:23:50,14.7308,0.9174,92.97,38,14,8.23
389,Aswan,EG,2022-09-17 19:23:51,24.0934,32.907,86.31,20,0,10.33
390,Boksitogorsk,RU,2022-09-17 19:23:51,59.474,33.8485,49.6,94,100,8.77
391,Magistralnyy,RU,2022-09-17 19:23:52,56.1725,107.4458,39.69,93,55,5.73
392,Husavik,IS,2022-09-17 19:23:52,66.0449,-17.3389,45.95,69,86,5.23
393,Nizwa,OM,2022-09-17 19:23:52,22.9333,57.5333,91.22,23,2,5.08
394,Hobyo,SO,2022-09-17 19:23:53,5.3505,48.5268,76.41,81,14,24.81
395,Itarema,BR,2022-09-17 19:23:53,-2.9248,-39.9167,82.13,67,66,18.52
396,Cairns,AU,2022-09-17 19:23:54,-16.9167,145.7667,74.07,92,27,0.0
397,Ambilobe,MG,2022-09-17 19:23:54,-13.2,49.05,70.11,69,100,5.77
398,Karasburg,NA,2022-09-17 19:23:54,-28.0167,18.75,62.96,30,84,16.69
399,Yerbogachen,RU,2022-09-17 19:23:55,61.2767,108.0108,28.83,77,4,4.45
400,Seguin,US,2022-09-17 19:23:55,29.5688,-97.9647,95.85,51,75,12.66
401,Bajram Curri,AL,2022-09-17 19:23:55,42.3554,20.0784,65.86,88,27,11.54
402,Vaitape,PF,2022-09-17 19:23:56,-16.5167,-151.75,78.28,67,4,19.3
403,Qiongshan,CN,2022-09-17 19:23:56,20.0058,110.3542,76.98,94,0,0.0
404,Srednekolymsk,RU,2022-09-17 19:23:56,67.45,153.6833,35.89,68,100,2.26
405,Noumea,NC,2022-09-17 19:23:57,-22.2763,166.4572,62.58,76,9,5.99
406,Grand-Lahou,CI,2022-09-17 19:23:57,5.1367,-5.0242,75.0,92,9,7.52
407,Half Moon Bay,US,2022-09-17 19:22:31,37.4636,-122.4286,76.53,66,75,16.11
408,Zhezkazgan,KZ,2022-09-17 19:23:58,47.8043,67.7144,55.76,26,1,9.31
409,Seymchan,RU,2022-09-17 19:23:58,62.8833,152.4333,31.1,76,2,4.29
410,Kaitangata,NZ,2022-09-17 19:23:58,-46.2817,169.8464,38.1,93,35,3.94
411,Am Timan,TD,2022-09-17 19:23:59,11.0297,20.2827,70.05,97,100,1.3
412,Garden City,US,2022-09-17 19:21:24,42.3256,-83.331,86.83,47,75,8.05
413,Luau,AO,2022-09-17 19:23:59,-10.7073,22.2247,79.88,37,86,3.58
414,Shymkent,KZ,2022-09-17 19:24:00,42.3,69.6,66.79,30,0,4.47
415,Kijang,KR,2022-09-17 19:25:00,35.2442,129.2139,76.73,83,100,12.06
416,Nhulunbuy,AU,2022-09-17 19:25:00,-12.2333,136.7667,72.21,94,18,3.44
417,Palu,ID,2022-09-17 19:25:01,-0.8917,119.8707,75.38,94,100,3.69
418,Sibolga,ID,2022-09-17 19:25:01,1.7427,98.7792,74.21,95,100,1.74
419,Bushehr,IR,2022-09-17 19:25:01,28.9684,50.8385,84.29,58,0,4.61
420,Englehart,CA,2022-09-17 19:25:02,47.8169,-79.8664,55.96,100,100,0.0
421,Tilichiki,RU,2022-09-17 19:25:02,60.4667,166.1,35.33,85,86,10.85
422,Neuquen,AR,2022-09-17 19:25:02,-38.9516,-68.0591,62.49,31,0,12.66
423,Springville,US,2022-09-17 19:25:03,40.1652,-111.6107,76.68,50,40,4.61
424,Korla,CN,2022-09-17 19:25:03,41.7597,86.1469,71.4,20,100,11.5
425,Mbaiki,CF,2022-09-17 19:25:04,3.8678,17.9892,69.24,99,100,2.77
426,Chiang Klang,TH,2022-09-17 19:25:04,19.2938,100.8617,74.01,99,100,1.21
427,Abu Dhabi,AE,2022-09-17 19:21:39,24.4667,54.3667,93.22,58,0,4.61
428,Beyneu,KZ,2022-09-17 19:25:04,45.3167,55.2,72.73,28,16,10.78
429,Romny,UA,2022-09-17 19:25:05,50.751,33.4747,51.73,97,100,7.99
430,Vuktyl,RU,2022-09-17 19:25:05,63.8567,57.3094,53.17,68,100,8.93
431,Madanapalle,IN,2022-09-17 19:25:06,13.55,78.5,74.52,79,55,8.1
432,Ust-Tarka,RU,2022-09-17 19:25:06,55.5672,75.705,46.72,64,9,4.41
433,Kyzyl-Suu,KG,2022-09-17 19:25:06,42.3414,78.0056,56.34,37,100,2.75
434,Goba,ET,2022-09-17 19:25:07,7.0167,39.9833,51.01,90,79,5.19
435,Guider,CM,2022-09-17 19:25:07,9.9342,13.9486,70.39,96,97,4.9
436,Cortez,US,2022-09-17 19:25:07,37.3489,-108.5859,76.03,25,0,9.22
437,Wanning,CN,2022-09-17 19:25:08,18.8003,110.3967,78.76,82,79,3.49
438,Tacoronte,ES,2022-09-17 19:22:20,28.4769,-16.4102,71.4,91,75,17.27
439,Lagoa,PT,2022-09-17 19:25:08,39.05,-27.9833,73.94,88,100,9.93
440,Hualmay,PE,2022-09-17 19:25:09,-11.0964,-77.6139,66.76,74,45,14.18
441,Fort-Shevchenko,KZ,2022-09-17 19:25:09,44.5086,50.263,71.89,72,100,8.59
442,Opportunity,US,2022-09-17 19:25:09,47.6499,-117.2399,69.42,35,0,4.61
443,Marondera,ZW,2022-09-17 19:25:10,-18.1853,31.5519,56.82,37,0,5.06
444,Batesville,US,2022-09-17 19:25:10,35.7698,-91.641,88.09,47,20,4.61
445,Nishihara,JP,2022-09-17 19:25:10,26.1842,127.7558,82.06,89,75,32.21
446,General Roca,AR,2022-09-17 19:25:11,-39.0333,-67.5833,64.62,36,42,21.56
447,Palana,RU,2022-09-17 19:25:11,59.1167,159.9667,38.68,71,62,7.2
448,Taltal,CL,2022-09-17 19:20:21,-25.4,-70.4833,59.09,66,22,4.34
449,Sao Geraldo Do Araguaia,BR,2022-09-17 19:25:12,-6.4006,-48.555,99.97,24,100,1.5
450,Laguna,US,2022-09-17 19:25:12,38.421,-121.4238,79.77,51,0,11.5
451,Ilulissat,GL,2022-09-17 19:25:12,69.2167,-51.1,37.42,87,75,4.61
452,Ust-Barguzin,RU,2022-09-17 19:25:13,53.45,108.9833,43.48,75,66,2.64
453,Biscarrosse,FR,2022-09-17 19:25:13,44.3945,-1.1672,64.35,36,0,6.91
454,Mandalgovi,MN,2022-09-17 19:25:13,45.7625,106.2708,39.61,63,99,10.78
455,Necochea,AR,2022-09-17 19:25:14,-38.5473,-58.7368,68.7,54,100,11.36
456,Selcuk,TR,2022-09-17 19:25:14,37.9514,27.3685,76.01,87,0,4.34
457,Baruun-Urt,MN,2022-09-17 19:25:15,46.6806,113.2792,39.79,75,3,8.41
458,Cognac,FR,2022-09-17 19:25:15,45.5,-0.25,60.4,41,9,8.05
459,Brokopondo,SR,2022-09-17 19:25:15,4.75,-55.1667,91.36,48,50,2.66
460,Lithgow,AU,2022-09-17 19:25:16,-33.4833,150.15,40.77,84,4,18.61
461,Maniitsoq,GL,2022-09-17 19:25:16,65.4167,-52.9,45.91,91,100,8.9
462,Kalmunai,LK,2022-09-17 19:25:17,7.4167,81.8167,80.49,76,100,6.96
463,Iaciara,BR,2022-09-17 19:26:17,-14.0958,-46.6317,99.84,13,4,2.86
464,Manado,ID,2022-09-17 19:26:17,1.487,124.8455,74.17,94,20,1.14
465,Belyy Yar,RU,2022-09-17 19:26:18,53.6039,91.3903,40.86,66,0,0.0
466,Awjilah,LY,2022-09-17 19:26:18,29.1081,21.2869,84.72,20,0,9.04
467,Bairiki,KI,2022-09-17 19:26:18,1.3292,172.9752,80.6,78,20,5.75
468,Ketchikan,US,2022-09-17 19:26:19,55.3422,-131.6461,57.67,72,20,11.5
469,Maiduguri,NG,2022-09-17 19:23:50,11.8464,13.1603,74.01,86,98,7.47
470,Poya,NC,2022-09-17 19:26:19,-21.35,165.15,67.14,81,2,5.06
471,Shingu,JP,2022-09-17 19:26:20,33.7333,135.9833,79.39,95,100,15.39
472,Chumikan,RU,2022-09-17 19:26:20,54.7183,135.315,50.11,73,100,18.99
473,The Valley,AI,2022-09-17 19:26:20,18.217,-63.0578,77.09,82,100,27.34
474,Bacolod,PH,2022-09-17 19:26:21,10.6667,122.95,77.43,89,95,7.67
475,Mackay,AU,2022-09-17 19:25:12,-21.15,149.2,67.68,94,3,3.24
476,Grafton,US,2022-09-17 19:25:44,42.207,-71.6856,72.16,51,0,3.44
477,Kaduqli,SD,2022-09-17 19:26:22,11.0167,29.7167,73.18,83,100,2.91
478,Rence,SI,2022-09-17 19:26:22,45.89,13.6686,57.58,90,20,1.14
479,Hambantota,LK,2022-09-17 19:26:23,6.1241,81.1185,78.62,80,100,15.41
480,Lusambo,CD,2022-09-17 19:26:23,-4.9667,23.45,71.2,96,100,0.85
481,Soyo,AO,2022-09-17 19:26:23,-6.1349,12.3689,74.03,82,47,6.02
482,Oyama,JP,2022-09-17 19:26:24,36.3,139.8,80.58,85,100,3.49
483,Nagato,JP,2022-09-17 19:26:24,34.3833,131.2,78.78,84,97,11.74
484,Lae,PG,2022-09-17 19:26:24,-6.7221,146.9847,74.1,86,99,4.97
485,Rapid Valley,US,2022-09-17 19:26:25,44.0625,-103.1463,78.62,51,100,11.5
486,Vikulovo,RU,2022-09-17 19:26:25,56.8167,70.6107,47.43,55,6,9.64
487,Vanimo,PG,2022-09-17 19:26:25,-2.6741,141.3028,75.72,88,60,3.47
488,Kuandian,CN,2022-09-17 19:26:26,40.7286,124.7847,62.2,94,1,3.65
489,Cap Malheureux,MU,2022-09-17 19:26:26,-19.9842,57.6142,71.47,69,1,8.01
490,Sydney,AU,2022-09-17 19:24:34,-33.8679,151.2073,56.64,65,0,6.91
491,Hofn,IS,2022-09-17 19:26:27,64.2539,-15.2082,45.88,79,98,7.23
492,Iqaluit,CA,2022-09-17 19:26:27,63.7506,-68.5145,51.53,57,75,20.71
493,Kendal,GB,2022-09-17 19:26:27,54.3268,-2.7476,55.58,77,94,4.25
494,Sulangan,PH,2022-09-17 19:26:28,11.1373,123.7228,83.39,73,100,8.66
495,Heze,CN,2022-09-17 19:26:28,35.2431,115.4411,67.01,80,6,3.42
496,Pisco,PE,2022-09-17 19:26:29,-13.7,-76.2167,68.05,64,0,8.05
497,Miri,MY,2022-09-17 19:26:29,4.4148,114.0089,78.94,89,40,5.75
498,Mkushi,ZM,2022-09-17 19:26:29,-13.6202,29.3939,69.71,36,7,5.73
499,Lavrentiya,RU,2022-09-17 19:26:30,65.5833,-171.0,44.31,91,100,14.16
500,Oussouye,SN,2022-09-17 19:26:30,12.485,-16.5469,82.49,82,100,3.58
501,Ekhabi,RU,2022-09-17 19:26:30,53.5102,142.9671,46.76,79,100,10.85
502,Bereznik,RU,2022-09-17 19:26:31,62.8551,42.7072,47.05,96,99,5.75
503,Imeni Poliny Osipenko,RU,2022-09-17 19:26:31,52.4201,136.4853,42.21,91,100,1.61
504,Port Keats,AU,2022-09-17 19:26:31,-14.25,129.55,76.3,90,100,3.47
505,Ilo,PE,2022-09-17 19:26:32,-17.6394,-71.3375,61.66,77,100,10.36
506,Vagur,FO,2022-09-17 19:27:32,61.4732,-6.8119,49.93,77,100,5.23
507,Davila,PH,2022-09-17 19:27:32,18.4726,120.5763,79.81,80,100,11.88
508,Porto Walter,BR,2022-09-17 19:27:33,-8.2686,-72.7439,95.27,34,6,3.6
509,Sao Jose Da Coroa Grande,BR,2022-09-17 19:27:33,-8.8978,-35.1478,77.86,71,36,8.01
510,Buraydah,SA,2022-09-17 19:27:33,26.326,43.975,93.65,15,4,8.9
511,Tupik,RU,2022-09-17 19:27:34,54.4253,119.9327,35.47,97,100,5.03
512,Glendive,US,2022-09-17 19:24:12,47.1053,-104.7125,73.02,49,40,9.22
513,Koutsouras,GR,2022-09-17 19:27:34,35.0339,25.9469,78.12,79,0,8.52
514,Bilma,NE,2022-09-17 19:27:35,18.6853,12.9164,89.11,38,60,8.25
515,Opuwo,NA,2022-09-17 19:27:35,-18.0607,13.84,74.03,40,2,8.1
516,Wajir,KE,2022-09-17 19:27:35,1.7471,40.0573,86.27,34,83,21.3
517,San Patricio,US,2022-09-17 19:27:36,28.017,-97.5169,94.06,53,48,13.22
518,Fasa,IR,2022-09-17 19:27:36,28.9383,53.6482,79.84,18,0,0.0
519,Campo Grande,BR,2022-09-17 19:27:23,-20.4428,-54.6464,80.15,36,0,11.5
520,Lazaro Cardenas,MX,2022-09-17 19:27:37,17.9583,-102.2,76.42,94,100,3.58
521,Victoria,HK,2022-09-17 19:25:09,22.2855,114.1577,87.19,81,74,8.99
522,Washougal,US,2022-09-17 19:27:37,45.5826,-122.3534,69.62,65,0,6.91
523,Lebanon,US,2022-09-17 19:25:30,36.2081,-86.2911,84.54,47,75,6.91
524,Lahaina,US,2022-09-17 19:27:38,20.8783,-156.6825,84.2,75,39,5.93
525,Filadelfia,US,2022-09-17 19:27:38,39.9523,-75.1638,84.27,54,75,6.91
526,Preobrazheniye,RU,2022-09-17 19:27:39,42.9019,133.9064,64.45,98,100,4.92
527,Chunskiy,RU,2022-09-17 19:27:39,56.0815,99.6342,39.79,87,32,0.94
528,Lander,US,2022-09-17 19:27:39,42.833,-108.7307,64.99,47,0,3.44
529,Fort Frances,CA,2022-09-17 19:27:40,48.5999,-93.4003,64.62,82,100,4.61
530,Benghazi,LY,2022-09-17 19:27:40,32.1167,20.0667,79.81,60,0,4.83
531,Meadow Lake,US,2022-09-17 19:27:41,34.8014,-106.5436,85.84,21,0,13.38
532,Asau,RO,2022-09-17 19:27:41,46.4333,26.4,56.32,97,100,2.1
533,Galesong,ID,2022-09-17 19:27:41,-5.3166,119.3661,75.22,70,21,3.71
534,Saldanha,ZA,2022-09-17 19:27:42,-33.0117,17.9442,53.65,71,100,13.82
535,Asfi,MA,2022-09-17 19:27:42,32.2994,-9.2372,71.24,85,0,13.24
536,Churapcha,RU,2022-09-17 19:27:42,62.0025,132.4325,40.71,86,100,4.79
537,Songea,TZ,2022-09-17 19:27:43,-10.6833,35.65,63.84,40,38,3.15
538,Saquena,PE,2022-09-17 19:27:43,-4.6667,-73.5167,94.78,39,52,0.83
539,Caravelas,BR,2022-09-17 19:27:44,-17.7125,-39.2481,67.35,86,100,13.85
540,Caravelas,BR,2022-09-17 19:27:44,-17.7125,-39.2481,67.35,86,100,13.85
541,Caravelas,BR,2022-09-17 19:27:44,-17.7125,-39.2481,67.35,86,100,13.85
542,Caravelas,BR,2022-09-17 19:27:44,-17.7125,-39.2481,67.35,86,100,13.85
543,Caravelas,BR,2022-09-17 19:27:44,-17.7125,-39.2481,67.35,86,100,13.85
